index,source,dermamnist
0,bloodmnist,0.2170444000840002
1,breastmnist,0.3349310955080823
2,octmnist,0.6719999999999988
3,organamnist,0.05094838179896479
4,organcmnist,0.0
5,organsmnist,0.0
6,pathmnist,0.024586645805222903
7,pneumoniamnist,0.002532288735601322
8,retinamnist,0.02898109025017757
9,tissuemnist,0.02037873889136255
