index,source,dermamnist
0,bloodmnist,0.043124490123812274
1,breastmnist,0.25680272079916794
2,octmnist,0.7098445595854844
3,organamnist,0.01747522581471949
4,organcmnist,0.017038225967899875
5,organsmnist,0.02244840618679952
6,pathmnist,0.09389036379036705
7,pneumoniamnist,0.0
8,retinamnist,0.0
9,tissuemnist,0.3436819316972817
