index,source,dermamnist
0,bloodmnist,0.0762282871773478
1,breastmnist,0.3466079121363207
2,octmnist,0.28013029315960336
3,organamnist,0.0
4,organcmnist,0.0
5,organsmnist,0.04969137093403403
6,pathmnist,0.21519389384361265
7,pneumoniamnist,0.000756589990570314
8,retinamnist,0.09961400103274463
9,tissuemnist,0.22786300528661912
