index,source,dermamnist
0,bloodmnist,0.07122222452022768
1,breastmnist,0.4788869244545497
2,octmnist,0.0
3,organamnist,0.02462933514320927
4,organcmnist,0.0
5,organsmnist,0.0018387792631230021
6,pathmnist,0.008376338586753827
7,pneumoniamnist,0.007898940035984417
8,retinamnist,0.06685989388978879
9,tissuemnist,0.04981731512609477
